index.html	78917	298a12391c48365822dca7e8f08adf635a1ff74af3d3f3a9324cc21590c1f687
classes.wasm	89822670	69790dda12db4f0b10e86f83ac34f571d140faed32aef97d1276c03918d7c005
classes.wasm-runtime.js	13984	1e80092312d7bfe6efa74f8bb372d5521bc0549dcfbf384f25a145261a80d124
worker-bootstrap.js	5265	2a23114db3759b974fbf54be38f1aa4469b785066815e07a98abb6b0f67d326e
mesh-worker.wasm	17790967	e811aebe199da7f6c41628130b1db536c89b6710685f7d9169d26039f49b9fdc
server-worker.wasm	42956248	b1629e1b35a538ef1da8199f739b73a04f222fea0ad88cee9611bbcb21d86e2b
assets.epk	6611946	aaf28d8fa6d6707940506cc5b8c8b8b551011d444b9bd4b6e855320b6da1366d
sounds.epk	25921893	94bc8bfcf4132c52c6d5f61f3f92e50532a6fad1f5bc901ee25a462db8ba4fc6
favicon.png	11851	6c0d6fbf45be19a6da061f5b00dec87b37d5ea4619680a9a20864eb188d81768
lang/en_us.json	520729	8e6a915193b231dad2ef03e453a319fc94579eefbf9cfa3f2db758a8f119d362
